<?xml version="1.0"?>
<info>
	<id>firstrunwizard</id>
	<name>First run wizard</name>
	<description>This application enables a pop-up window when a user first logs into ownCloud. This window welcomes new users to ownCloud, and contains links to the standard ownCloud desktop client, Android app, and the iOS app. The window also shows a link for accessing ownCloud via WebDAV. At any time, the first run wizard button can be opened again via the link on the personal page.
The First run wizard can be customized to meet specific design goals, or to change links and messages. Create an appropriate theme following the Theming documentation, and changes to the look and feel of this Wizard are simple. More information is available in the First run wizard documentation, as well as the theming documentation.
</description>
	<licence>AGPL</licence>
	<author>Frank Karlitschek, Jan-Christoph Borchardt</author>
	<dependencies>
		<owncloud min-version="10" max-version="10" />
	</dependencies>
	<version>1.1.1</version>
	<shipped>true</shipped>
	<default_enable/>
	<ocsid>166055</ocsid>
</info>
